{"cameraMode":{"drawMode":0,"name":"Shaded","section":"Shading Mode"},"sceneLighting":true,"audioPlay":false,"sceneViewState":{"showFog":true,"showMaterialUpdate":false,"showSkybox":true,"showFlares":true,"showImageEffects":true,"showParticleSystems":true},"in2DMode":false,"pivot":{"x":-2.6233646869659426,"y":-0.725437581539154,"z":-3.629688024520874},"rotation":{"x":-0.05909696966409683,"y":0.8886330723762512,"z":-0.11961141228675842,"w":-0.4388293921947479},"size":10.38734245300293,"orthographic":false}