{"cameraMode":{"drawMode":0,"name":"Shaded","section":"Shading Mode"},"sceneLighting":true,"audioPlay":false,"sceneViewState":{"showFog":true,"showMaterialUpdate":false,"showSkybox":true,"showFlares":true,"showImageEffects":true,"showParticleSystems":true},"in2DMode":false,"pivot":{"x":2.4033446311950685,"y":1.2124799489974976,"z":-1.62363600730896},"rotation":{"x":0.021211085841059686,"y":0.9342184066772461,"z":-0.056419771164655688,"w":0.3516286015510559},"size":2.286306858062744,"orthographic":false}