{"cameraMode":{"drawMode":0,"name":"Shaded","section":"Shading Mode"},"sceneLighting":true,"audioPlay":false,"sceneViewState":{"showFog":true,"showMaterialUpdate":false,"showSkybox":true,"showFlares":true,"showImageEffects":true,"showParticleSystems":true},"in2DMode":false,"pivot":{"x":8.58428955078125,"y":-2.133760452270508,"z":-14.625190734863282},"rotation":{"x":-0.021277928724884988,"y":-0.9750481247901917,"z":0.10750685632228852,"w":-0.19316934049129487},"size":22.18260955810547,"orthographic":false}