{"cameraMode":{"drawMode":0,"name":"Shaded","section":"Shading Mode"},"sceneLighting":true,"audioPlay":false,"sceneViewState":{"showFog":true,"showMaterialUpdate":false,"showSkybox":true,"showFlares":true,"showImageEffects":true,"showParticleSystems":true},"in2DMode":false,"pivot":{"x":14.92233943939209,"y":3.7318673133850099,"z":7.6337080001831059},"rotation":{"x":0.06122506037354469,"y":-0.48674193024635317,"z":-0.034208063036203387,"w":-0.8707510828971863},"size":18.451265335083009,"orthographic":false}